url,type,target_keyword,search_intent,status,published,notes,impressions,clicks,avg_position
/cost-per-mile-calculator/,tool,owner operator cost per mile calculator,calculator,live-local,,volume not measured; validate with Keyword Planner/Search Console,,,
/load-profit-calculator/,tool,trucking load profit calculator with deadhead,calculator,live-local,,,,,
/detention-pay-calculator/,tool,trucking detention pay calculator,calculator,live-local,,,,,
/ifta-calculator/,tool,IFTA fuel tax calculator,calculator,live-local,,fresh quarterly rates are the differentiator,,,
/per-diem-calculator/,tool,trucker per diem calculator,calculator,live-local,,update rates each Oct 1,,,
/guides/how-to-calculate-cost-per-mile/,guide,how to calculate cost per mile trucking,informational,live-local,,,,,
/guides/deadhead-miles-explained/,guide,deadhead miles trucking cost,informational,live-local,,,,,
/guides/ifta-explained/,guide,how does IFTA work,informational,live-local,,cite iftach.org and return instructions,,,
/guides/detention-pay-guide/,guide,detention pay trucking how to get paid,informational,live-local,,,,,
/guides/trucker-per-diem-guide/,guide,trucker per diem 80 percent rule,informational,live-local,,cite IRS Pub 463 and the annual notice,,,
/calculators/,hub,trucking calculators,navigational,live-local,,,,,
/guides/,hub,trucking money guides,navigational,live-local,,,,,
